{
    "interactionModel": {
        "languageModel": {
            "invocationName": "safety lookup",
            "intents": [
                {
                    "name": "AMAZON.CancelIntent",
                    "samples": []
                },
                {
                    "name": "AMAZON.HelpIntent",
                    "samples": []
                },
                {
                    "name": "AMAZON.StopIntent",
                    "samples": []
                },
                {
                    "name": "sid",
                    "slots": [
                        {
                            "name": "compound",
                            "type": "CHEMCOMPOUND",
                            "samples": [
                                "{compound}",
                                "for {compound}"
                            ]
                        }
                    ],
                    "samples": [
                        "what safety codes does {compound} have",
                        "what are the safety codes surrounding {compound}",
                        "what are the H codes and P Phrases for {compound}",
                        "sid give me the H codes and P phrases for {compound}",
                        "tell me about {compound}",
                        "sid whare are the P phrases for {compound}",
                        "sid what are the H codes for {compound}"
                    ]
                }
            ],
            "types": [
                {
                    "name": "CHEMCOMPOUND",
                    "values": [
                        {
                            "name": {
                                "value": "calcium"
                            }
                        },
                        {
                            "name": {
                                "value": "sulphur"
                            }
                        },
                        {
                            "name": {
                                "value": "sulphuric acid"
                            }
                        },
                        {
                            "name": {
                                "value": "magnesium sulfate"
                            }
                        },
                        {
                            "name": {
                                "value": "sodium carbonate"
                            }
                        },
                        {
                            "name": {
                                "value": "sodium bicarbonate"
                            }
                        },
                        {
                            "name": {
                                "value": "phosphoric acid"
                            }
                        },
                        {
                            "name": {
                                "value": "calcium hydroxide"
                            }
                        },
                        {
                            "name": {
                                "value": "hydrochloric acid"
                            }
                        },
                        {
                            "name": {
                                "value": "ammonia"
                            }
                        },
                        {
                            "name": {
                                "value": "chloroform"
                            }
                        },
                        {
                            "name": {
                                "value": "benzene"
                            }
                        }
                    ]
                }
            ]
        },
        "dialog": {
            "intents": [
                {
                    "name": "sid",
                    "confirmationRequired": false,
                    "prompts": {},
                    "slots": [
                        {
                            "name": "compound",
                            "type": "CHEMCOMPOUND",
                            "confirmationRequired": false,
                            "elicitationRequired": true,
                            "prompts": {
                                "elicitation": "Elicit.Slot.686797123126.1340926792655"
                            }
                        }
                    ]
                }
            ]
        },
        "prompts": [
            {
                "id": "Elicit.Slot.686797123126.1340926792655",
                "variations": [
                    {
                        "type": "PlainText",
                        "value": "which compound would you like me to look up"
                    }
                ]
            }
        ]
    }
}