{
    "interactionModel": {
        "languageModel": {
            "invocationName": "send order",
            "intents": [
                {
                    "name": "AMAZON.CancelIntent",
                    "samples": []
                },
                {
                    "name": "AMAZON.HelpIntent",
                    "samples": []
                },
                {
                    "name": "AMAZON.StopIntent",
                    "samples": []
                },
                {
                    "name": "sendOrder",
                    "slots": [
                        {
                            "name": "location",
                            "type": "BUILDING",
                            "samples": [
                                "to {location}",
                                "to building {location}",
                                "building {location}",
                                "{location}"
                            ]
                        }
                    ],
                    "samples": [
                        "send order to the {location} lab",
                        "to building {location}",
                        "send order to {location}",
                        "and deliver to {location}",
                        "send order with address {location}"
                    ]
                }
            ],
            "types": [
                {
                    "name": "BUILDING",
                    "values": [
                        {
                            "name": {
                                "value": "102 slash 7"
                            }
                        },
                        {
                            "name": {
                                "value": "one oh two slash seven",
                                "synonyms": [
                                    "102/7"
                                ]
                            }
                        },
                        {
                            "name": {
                                "value": "one hudred and two slash seven",
                                "synonyms": [
                                    "102/7"
                                ]
                            }
                        },
                        {
                            "name": {
                                "value": "one hundred slash twenty eight",
                                "synonyms": [
                                    "100/28"
                                ]
                            }
                        },
                        {
                            "name": {
                                "value": "one hudred slash seventy seven",
                                "synonyms": [
                                    "100/77"
                                ]
                            }
                        },
                        {
                            "name": {
                                "value": "one hudred slash seventy nine",
                                "synonyms": [
                                    "100/79"
                                ]
                            }
                        },
                        {
                            "name": {
                                "value": "one hundred slash eighty eight",
                                "synonyms": [
                                    "100/88"
                                ]
                            }
                        },
                        {
                            "name": {
                                "value": "one hudred slash eighty six",
                                "synonyms": [
                                    "100/86"
                                ]
                            }
                        },
                        {
                            "name": {
                                "value": "Innovation Lab",
                                "synonyms": [
                                    "building 101"
                                ]
                            }
                        }
                    ]
                }
            ]
        },
        "dialog": {
            "intents": [
                {
                    "name": "sendOrder",
                    "confirmationRequired": true,
                    "prompts": {
                        "confirmation": "Confirm.Intent.274089363248"
                    },
                    "slots": [
                        {
                            "name": "location",
                            "type": "BUILDING",
                            "confirmationRequired": true,
                            "elicitationRequired": true,
                            "prompts": {
                                "confirmation": "Confirm.Slot.274089363248.284886646195",
                                "elicitation": "Elicit.Slot.429530530682.628393942071"
                            }
                        }
                    ]
                }
            ]
        },
        "prompts": [
            {
                "id": "Elicit.Slot.1492784658223.939133085211",
                "variations": [
                    {
                        "type": "PlainText",
                        "value": "No problem, to which building?"
                    },
                    {
                        "type": "PlainText",
                        "value": "Whats the building number for the destination?"
                    },
                    {
                        "type": "PlainText",
                        "value": "To which building number?"
                    }
                ]
            },
            {
                "id": "Elicit.Slot.429530530682.628393942071",
                "variations": [
                    {
                        "type": "PlainText",
                        "value": "No problem, to which buidling?"
                    },
                    {
                        "type": "PlainText",
                        "value": "Which building shall I deliver to?"
                    },
                    {
                        "type": "PlainText",
                        "value": "To which building?"
                    }
                ]
            },
            {
                "id": "Confirm.Slot.274089363248.284886646195",
                "variations": [
                    {
                        "type": "PlainText",
                        "value": "To confirm this is to {location} , correct?"
                    }
                ]
            },
            {
                "id": "Confirm.Intent.274089363248",
                "variations": [
                    {
                        "type": "PlainText",
                        "value": "This is to {location} , correct?"
                    }
                ]
            }
        ]
    }
}