{
    "interactionModel": {
        "languageModel": {
            "invocationName": "store order",
            "intents": [
                {
                    "name": "AMAZON.CancelIntent",
                    "samples": []
                },
                {
                    "name": "AMAZON.HelpIntent",
                    "samples": []
                },
                {
                    "name": "AMAZON.StopIntent",
                    "samples": []
                },
                {
                    "name": "add",
                    "slots": [
                        {
                            "name": "ITEM",
                            "type": "ITEM",
                            "samples": [
                                "{ITEM} please",
                                "add {ITEM}",
                                "{ITEM}"
                            ]
                        },
                        {
                            "name": "QTY",
                            "type": "AMAZON.NUMBER",
                            "samples": [
                                "{QTY} should be enough",
                                "{QTY} should be fine ",
                                "umm {QTY} ",
                                "add {QTY}",
                                "get {QTY}",
                                "{QTY}"
                            ]
                        },
                        {
                            "name": "SIZE",
                            "type": "SIZE",
                            "samples": [
                                "get {QTY} {SIZE}",
                                "make it {SIZE}",
                                "{SIZE}"
                            ]
                        }
                    ],
                    "samples": [
                        "add {QTY} {SIZE} {ITEM}",
                        "add to the order"
                    ]
                }
            ],
            "types": [
                {
                    "name": "ITEM",
                    "values": [
                        {
                            "name": {
                                "value": "nitrile gloves"
                            }
                        },
                        {
                            "name": {
                                "value": "type 3 plastic bags"
                            }
                        },
                        {
                            "name": {
                                "value": "type 2 plastic bags"
                            }
                        },
                        {
                            "name": {
                                "value": "type 1 plastic bags"
                            }
                        },
                        {
                            "name": {
                                "value": "paper A4"
                            }
                        },
                        {
                            "name": {
                                "value": "A4"
                            }
                        },
                        {
                            "name": {
                                "value": "paper"
                            }
                        },
                        {
                            "name": {
                                "value": "bottles"
                            }
                        },
                        {
                            "name": {
                                "value": "P. E. T. bottles"
                            }
                        },
                        {
                            "name": {
                                "value": "P.E.T. bottles "
                            }
                        },
                        {
                            "name": {
                                "value": "jerrican 5"
                            }
                        },
                        {
                            "name": {
                                "value": "bottle jerrican"
                            }
                        },
                        {
                            "name": {
                                "value": "60/40"
                            }
                        },
                        {
                            "name": {
                                "value": "work king 60/40"
                            }
                        },
                        {
                            "name": {
                                "value": "cotton rich "
                            }
                        },
                        {
                            "name": {
                                "value": "cotton rich lab coats"
                            }
                        },
                        {
                            "name": {
                                "value": "work king"
                            }
                        },
                        {
                            "name": {
                                "value": "howie"
                            }
                        },
                        {
                            "name": {
                                "value": "lab coats"
                            }
                        },
                        {
                            "name": {
                                "value": "ladies"
                            }
                        },
                        {
                            "name": {
                                "value": "ladies cotton "
                            }
                        },
                        {
                            "name": {
                                "value": "cotton lab coat"
                            }
                        },
                        {
                            "name": {
                                "value": "ladies cotton lab coat"
                            }
                        },
                        {
                            "name": {
                                "value": "coverall"
                            }
                        },
                        {
                            "name": {
                                "value": "tyvex elasticated coverall"
                            }
                        },
                        {
                            "name": {
                                "value": "tyvek "
                            }
                        },
                        {
                            "name": {
                                "value": "sheet"
                            }
                        },
                        {
                            "name": {
                                "value": "polyethene sheet"
                            }
                        },
                        {
                            "name": {
                                "value": "cups"
                            }
                        },
                        {
                            "name": {
                                "value": "drinking cups"
                            }
                        },
                        {
                            "name": {
                                "value": "blue roll"
                            }
                        },
                        {
                            "name": {
                                "value": "3m 8822 valved "
                            }
                        },
                        {
                            "name": {
                                "value": "3m 8810"
                            }
                        },
                        {
                            "name": {
                                "value": "3m 8822"
                            }
                        },
                        {
                            "name": {
                                "value": "3m 8810 dust"
                            }
                        },
                        {
                            "name": {
                                "value": "3M 8810 dust respirator"
                            }
                        },
                        {
                            "name": {
                                "value": "ng20 nitrile glove"
                            }
                        },
                        {
                            "name": {
                                "value": "ng20 nitrile"
                            }
                        },
                        {
                            "name": {
                                "value": "n dex gloves"
                            }
                        },
                        {
                            "name": {
                                "value": "n-dex gloves"
                            }
                        },
                        {
                            "name": {
                                "value": "marigold v70n"
                            }
                        },
                        {
                            "name": {
                                "value": "marigold v70"
                            }
                        },
                        {
                            "name": {
                                "value": "marigold g43y"
                            }
                        },
                        {
                            "name": {
                                "value": "marigold g43"
                            }
                        },
                        {
                            "name": {
                                "value": "marigold g25g"
                            }
                        },
                        {
                            "name": {
                                "value": "marigold g25"
                            }
                        },
                        {
                            "name": {
                                "value": "marigold g17k"
                            }
                        },
                        {
                            "name": {
                                "value": "marigold g17"
                            }
                        },
                        {
                            "name": {
                                "value": "8oz cotton drill knit wrist glove"
                            }
                        },
                        {
                            "name": {
                                "value": "8oz cotton drill"
                            }
                        },
                        {
                            "name": {
                                "value": "ansell 87"
                            }
                        },
                        {
                            "name": {
                                "value": "closures plastic"
                            }
                        },
                        {
                            "name": {
                                "value": "closures"
                            }
                        },
                        {
                            "name": {
                                "value": "ansell 37"
                            }
                        },
                        {
                            "name": {
                                "value": "syringes"
                            }
                        },
                        {
                            "name": {
                                "value": "tube caps"
                            }
                        },
                        {
                            "name": {
                                "value": "eyewear"
                            }
                        },
                        {
                            "name": {
                                "value": "goggles"
                            }
                        },
                        {
                            "name": {
                                "value": "marigolds"
                            }
                        },
                        {
                            "name": {
                                "value": "gloves"
                            }
                        },
                        {
                            "name": {
                                "value": "test tubes"
                            }
                        }
                    ]
                },
                {
                    "name": "SIZE",
                    "values": [
                        {
                            "name": {
                                "value": "thin"
                            }
                        },
                        {
                            "name": {
                                "value": "thick"
                            }
                        },
                        {
                            "name": {
                                "value": "normal"
                            }
                        },
                        {
                            "name": {
                                "value": "really big"
                            }
                        },
                        {
                            "name": {
                                "value": "extra small"
                            }
                        },
                        {
                            "name": {
                                "value": "extra large"
                            }
                        },
                        {
                            "name": {
                                "value": "regular"
                            }
                        },
                        {
                            "name": {
                                "value": "medium"
                            }
                        },
                        {
                            "name": {
                                "value": "small"
                            }
                        },
                        {
                            "name": {
                                "value": "big"
                            }
                        },
                        {
                            "name": {
                                "value": "large"
                            }
                        }
                    ]
                }
            ]
        },
        "dialog": {
            "intents": [
                {
                    "name": "add",
                    "confirmationRequired": false,
                    "prompts": {},
                    "slots": [
                        {
                            "name": "ITEM",
                            "type": "ITEM",
                            "confirmationRequired": false,
                            "elicitationRequired": true,
                            "prompts": {
                                "elicitation": "Elicit.Slot.687478578024.147147371153"
                            }
                        },
                        {
                            "name": "QTY",
                            "type": "AMAZON.NUMBER",
                            "confirmationRequired": false,
                            "elicitationRequired": true,
                            "prompts": {
                                "elicitation": "Elicit.Slot.1488380706759.255374285624"
                            }
                        },
                        {
                            "name": "SIZE",
                            "type": "SIZE",
                            "confirmationRequired": false,
                            "elicitationRequired": true,
                            "prompts": {
                                "elicitation": "Elicit.Slot.1488380706759.767966867923"
                            }
                        }
                    ]
                }
            ]
        },
        "prompts": [
            {
                "id": "Elicit.Slot.687478578024.147147371153",
                "variations": [
                    {
                        "type": "PlainText",
                        "value": "Which item would you like me to add to the order?"
                    }
                ]
            },
            {
                "id": "Elicit.Slot.1488380706759.255374285624",
                "variations": [
                    {
                        "type": "PlainText",
                        "value": "how many this time?"
                    },
                    {
                        "type": "PlainText",
                        "value": "and how many am I adding?"
                    },
                    {
                        "type": "PlainText",
                        "value": "Sure, how many should I get?"
                    },
                    {
                        "type": "PlainText",
                        "value": "How many shall I add to the order?"
                    }
                ]
            },
            {
                "id": "Elicit.Slot.1488380706759.767966867923",
                "variations": [
                    {
                        "type": "PlainText",
                        "value": "do you know what size?"
                    },
                    {
                        "type": "PlainText",
                        "value": "and what size is that?"
                    }
                ]
            }
        ]
    }
}